<?xml version="1.0" encoding="UTF-8"?>
<project-private xmlns="http://www.netbeans.org/ns/project-private/1">
    <editor-bookmarks xmlns="http://www.netbeans.org/ns/editor-bookmarks/2" lastBookmarkId="0"/>
    <open-files xmlns="http://www.netbeans.org/ns/projectui-open-files/2">
        <group>
            <file>file:/C:/Users/Sushant/Documents/NetBeansProjects/Fees_Management_System/src/fees_management_system/addfees.java</file>
            <file>file:/C:/Users/Sushant/Documents/NetBeansProjects/Fees_Management_System/src/fees_management_system/EditCourse.java</file>
            <file>file:/C:/Users/Sushant/Documents/NetBeansProjects/Fees_Management_System/src/fees_management_system/PrintReceipt.java</file>
            <file>file:/C:/Users/Sushant/Documents/NetBeansProjects/Fees_Management_System/src/fees_management_system/AboutPage.java</file>
            <file>file:/C:/Users/Sushant/Documents/NetBeansProjects/Fees_Management_System/src/fees_management_system/NumberToWordsConverter.java</file>
            <file>file:/C:/Users/Sushant/Documents/NetBeansProjects/Fees_Management_System/src/fees_management_system/login.java</file>
            <file>file:/C:/Users/Sushant/Documents/NetBeansProjects/Fees_Management_System/src/fees_management_system/DBConnection.java</file>
            <file>file:/C:/Users/Sushant/Documents/NetBeansProjects/Fees_Management_System/src/fees_management_system/signup.java</file>
            <file>file:/C:/Users/Sushant/Documents/NetBeansProjects/Fees_Management_System/src/fees_management_system/ViewAllRecords.java</file>
            <file>file:/C:/Users/Sushant/Documents/NetBeansProjects/Fees_Management_System/src/fees_management_system/home.java</file>
            <file>file:/C:/Users/Sushant/Documents/NetBeansProjects/Fees_Management_System/src/fees_management_system/UpdatefeesDetails.java</file>
            <file>file:/C:/Users/Sushant/Documents/NetBeansProjects/Fees_Management_System/src/fees_management_system/GenerateReport.java</file>
            <file>file:/C:/Users/Sushant/Documents/NetBeansProjects/Fees_Management_System/src/fees_management_system/SearchRecords.java</file>
        </group>
    </open-files>
</project-private>
